Patient Number,Care Unit,Collection Date,Test Method,Target,Detected,Reported
S-5102,Ward 8,29 Aug 2026,Verigene PCR,Clostridioides difficile toxin B,Positive,30 Aug 2026
S-5108,Ward 8,27 Aug 2026,Verigene PCR,Clostridioides difficile toxin B,Positive,30 Aug 2026
S-5115,Geriatrics,26 Aug 2026,Verigene PCR,Clostridioides difficile GDH,Positive,30 Aug 2026
S-5121,Ward 8,24 Aug 2026,Verigene PCR,Clostridioides difficile toxin B,Negative,30 Aug 2026
S-5126,ICU,23 Aug 2026,Verigene PCR,Clostridioides difficile toxin B,Positive,30 Aug 2026
S-5133,Geriatrics,21 Aug 2026,EIA toxin assay,Clostridium difficile,Positive,30 Aug 2026
S-5140,Ward 8,20 Aug 2026,EIA toxin assay,Clostridium difficile,Negative,30 Aug 2026
S-5144,Oncology,18 Aug 2026,Verigene PCR,Staphylococcus aureus (MecA),Positive,30 Aug 2026
S-5150,NICU,17 Aug 2026,Verigene PCR,Klebsiella pneumoniae,Positive,30 Aug 2026
S-5155,Ward 3,15 Aug 2026,Verigene PCR,Clostridioides difficile toxin B,Negative,30 Aug 2026
